<?xml version="1.0" encoding="UTF-8"?>
<data xmlns="ns:workflow" xmlns:xsi="http://www.w3.org/2001/XMLSchema-instance" xsi:schemaLocation="ns:workflow resource:WorkflowData">
	<documentTypes xmlns="ns:workflow/DocumentType" xsi:schemaLocation="ns:workflow/DocumentType resource:DocumentType">
		<documentType>
			<name>ExemptionTypeMaintenanceDocument</name>
			<description>Create/Edit a Exemption Type Code</description>
			<label>Exemption Type</label>
			<parent>KcMaintenanceDocument</parent>
			<helpDefinitionURL>default.htm?turl=Documents/exemptiontype.htm</helpDefinitionURL>
		</documentType>
	</documentTypes>	
</data>