<?xml version="1.0" encoding="UTF-8"?>
<data xmlns="ns:workflow" xmlns:xsi="http://www.w3.org/2001/XMLSchema-instance" xsi:schemaLocation="ns:workflow resource:WorkflowData">
	<documentTypes xmlns="ns:workflow/DocumentType" xsi:schemaLocation="ns:workflow/DocumentType resource:DocumentType">
		<documentType>
			<name>KcMiscellaneousMaintenanceDocument</name>
			<description>Parent of Miscellaneous maintenance documents in KC</description>
			<label>KcMiscellaneousMaintenanceDocument</label>
			<parent>KcMaintenanceDocument</parent>
			<routePaths>
				<routePath>
					<start name="Initiated" />
				</routePath>
			</routePaths>
			<routeNodes>
				<start name="Initiated">
					<activationType>P</activationType>
					<mandatoryRoute>false</mandatoryRoute>
					<finalApproval>false</finalApproval>
				</start>
			</routeNodes>
		</documentType>
	</documentTypes>
</data>