<?xml version="1.0" encoding="UTF-8"?>
<data xmlns="ns:workflow" xmlns:xsi="http://www.w3.org/2001/XMLSchema-instance" xsi:schemaLocation="ns:workflow resource:WorkflowData">
	<documentTypes xmlns="ns:workflow/DocumentType" xsi:schemaLocation="ns:workflow/DocumentType resource:DocumentType">
		<documentType>
			<name>ProposalColumnsToAlterMaintenanceDocument</name>
			<description>Create a New Proposal Column To Alter</description>
			<label>Proposal Column To Alter</label>
			<parent>KcMaintenanceDocument</parent>
		</documentType>
	</documentTypes>	
</data>