<?xml version="1.0" encoding="UTF-8"?>
<data xmlns="ns:workflow" xmlns:xsi="http://www.w3.org/2001/XMLSchema-instance" xsi:schemaLocation="ns:workflow resource:WorkflowData">
	<documentTypes xmlns="ns:workflow/DocumentType" xsi:schemaLocation="ns:workflow/DocumentType resource:DocumentType">
		<documentType>
			<name>KcNotificationDocument</name>
			<description>This is the default document type that will be associated with all KC notifications, i.e. notifications sent out via the KC notification service.</description>
			<label>KC Notification</label>
			<parent>KualiNotification</parent>
			<security>
        		<securityAttribute name="KcNotificationDocumentSecurityAttribute"/>
    		</security>
		</documentType>
	</documentTypes>
	
	<ruleAttributes xmlns="ns:workflow/RuleAttribute"
		xsi:schemaLocation="ns:workflow/RuleAttribute resource:RuleAttribute">
		<ruleAttribute>
   			<name>KcNotificationDocumentSecurityAttribute</name>
   			<className>{http://kc.kuali.org/core/v5_0}kcNotificationDocumentSecurityTypeService</className>
   			<label>KC Notification Document Security Attribute</label>
   			<description>KC Notification Document Security Attribute</description>
   			<type>DocumentSecurityAttribute</type>
   			<applicationId>KC</applicationId>
 		</ruleAttribute>
 	</ruleAttributes>
 	
</data>