<?xml version="1.0" encoding="UTF-8"?>
<data xmlns="ns:workflow" xmlns:xsi="http://www.w3.org/2001/XMLSchema-instance" xsi:schemaLocation="ns:workflow resource:WorkflowData">
    <documentTypes xmlns="ns:workflow/DocumentType" xsi:schemaLocation="ns:workflow/DocumentType resource:DocumentType">
        <documentType>
            <name>AttachmentsEntryTypeMaintenanceDocument</name>
            <description>Create/Edit IRB/IACUC Committee Attachments</description>
            <label>Attchments Entry Type</label>
            <parent>KcComplianceMaintenanceDocument</parent>
            <helpDefinitionURL>default.htm?turl=Documents/attachmentsentrytype.htm</helpDefinitionURL>
        </documentType>
    </documentTypes>    
</data>