<?xml version="1.0" encoding="UTF-8"?>
<data xmlns="ns:workflow" xmlns:xsi="http://www.w3.org/2001/XMLSchema-instance" xsi:schemaLocation="ns:workflow resource:WorkflowData">
	<documentTypes xmlns="ns:workflow/DocumentType" xsi:schemaLocation="ns:workflow/DocumentType resource:DocumentType">
		<documentType>
			<name>Coeus Sub Module Maintenance Document</name>
			<description>Create a Kuali Coeus Sub Module</description>
			<label>Kuali Coeus Sub Module</label>
			<parent>KcMiscellaneousMaintenanceDocument</parent>
		</documentType>
	</documentTypes>	
</data>