<?xml version="1.0" encoding="UTF-8"?>
<data xmlns="ns:workflow" xmlns:xsi="http://www.w3.org/2001/XMLSchema-instance" xsi:schemaLocation="ns:workflow resource:WorkflowData">
    <documentTypes xmlns="ns:workflow/DocumentType" xsi:schemaLocation="ns:workflow/DocumentType resource:DocumentType">
        <documentType>
            <name>CoiDisclosureEventTypeMaintenanceDocument</name>
            <description>Create a Coi Event Type</description>
            <label>Coi Event Type Maintenance Document</label>
            <parent>KcSharedMaintenanceDocument</parent>
            <docHandler>${kuali.docHandler.url.prefix}/maintenanceCoiDisclosureEvent.do?methodToCall=docHandler</docHandler>
			<helpDefinitionURL>default.htm?turl=Documents/coidisclosureeventtype.htm</helpDefinitionURL>
        </documentType>
    </documentTypes>    
</data>