<?xml version="1.0" encoding="UTF-8"?>
<data xmlns="ns:workflow" xmlns:xsi="http://www.w3.org/2001/XMLSchema-instance" xsi:schemaLocation="ns:workflow resource:WorkflowData">
	<documentTypes xmlns="ns:workflow/DocumentType" xsi:schemaLocation="ns:workflow/DocumentType resource:DocumentType">
		<documentType>
			<name>IacucProtocolSubmissionStatusMaintenanceDocument</name>
			<description>Create/Edit Iacuc Protocol Submission Status</description>
			<label>Iacuc Protocol Submission Status</label>
			<parent>KcComplianceMaintenanceDocument</parent>
			<helpDefinitionURL>default.htm?turl=Documents/submissionstatus.htm</helpDefinitionURL>
		</documentType>
	</documentTypes>	
</data>