<?xml version="1.0" encoding="UTF-8"?>
<data xmlns="ns:workflow" xmlns:xsi="http://www.w3.org/2001/XMLSchema-instance" xsi:schemaLocation="ns:workflow resource:WorkflowData">
    <documentTypes xmlns="ns:workflow/DocumentType" xsi:schemaLocation="ns:workflow/DocumentType resource:DocumentType">
        <documentType>
            <name>IacucProtocolStatusMaintenanceDocument</name>
            <description>Create an IACUC Protocol Status</description>
            <label>IACUC Protocol Status Maintenance Document</label>
            <parent>KcComplianceMaintenanceDocument</parent>
            <helpDefinitionURL>default.htm?turl=Documents/iacucprotocolstatus.htm</helpDefinitionURL>
        </documentType>
    </documentTypes>    
</data>