<?xml version="1.0" encoding="UTF-8"?>
<data xmlns="ns:workflow" xmlns:xsi="http://www.w3.org/2001/XMLSchema-instance" xsi:schemaLocation="ns:workflow resource:WorkflowData">
    <documentTypes xmlns="ns:workflow/DocumentType" xsi:schemaLocation="ns:workflow/DocumentType resource:DocumentType">
        <documentType>
            <name>IacucProtocolContingencyMaintenanceDocument</name>
            <description>Create a New IACUC Protocol Contingency</description>
            <label>IACUC Protocol Contingency</label>
            <parent>KcComplianceMaintenanceDocument</parent>
            <helpDefinitionURL>default.htm?turl=Documents/iacucprotocolcontingency.htm</helpDefinitionURL>
        </documentType>
    </documentTypes>    
</data>