<?xml version="1.0" encoding="UTF-8"?>
<data xmlns="ns:workflow" xmlns:xsi="http://www.w3.org/2001/XMLSchema-instance" xsi:schemaLocation="ns:workflow resource:WorkflowData">
	<documentTypes xmlns="ns:workflow/DocumentType" xsi:schemaLocation="ns:workflow/DocumentType resource:DocumentType">
		<documentType>
			<name>MessageOfTheDayMaintenanceDocument</name>
			<description>Document used to create or update message of the day documents.</description>
			<label>Message Of The Day Maintenance Document</label>
			<parent>KcSharedMaintenanceDocument</parent>
		</documentType>
	</documentTypes>	
</data>