<?xml version="1.0" encoding="UTF-8"?>
<data xmlns="ns:workflow" xmlns:xsi="http://www.w3.org/2001/XMLSchema-instance" xsi:schemaLocation="ns:workflow resource:WorkflowData">
	<documentTypes xmlns="ns:workflow/DocumentType" xsi:schemaLocation="ns:workflow/DocumentType resource:DocumentType">
		<documentType>
			<name>QuestionMaintenanceDocument</name>
			<description>Create/Edit a Question</description>
			<label>Question</label>
			<parent>KcSharedMaintenanceDocument</parent>
			<docHandler>${kuali.docHandler.url.prefix}/maintenanceQ.do?methodToCall=docHandler</docHandler>
            <helpDefinitionURL>default.htm?turl=Documents/question.htm</helpDefinitionURL>
		</documentType>
	</documentTypes>	
</data>