<?xml version="1.0" encoding="UTF-8"?>
<data xmlns="ns:workflow" xmlns:xsi="http://www.w3.org/2001/XMLSchema-instance" xsi:schemaLocation="ns:workflow resource:WorkflowData">
	<documentTypes xmlns="ns:workflow/DocumentType" xsi:schemaLocation="ns:workflow/DocumentType resource:DocumentType">
		<documentType>
			<name>RateClassBaseInclusionMaintenanceDocument</name>
			<description>Create/Edit a Rate Class Inclusion</description>
			<label>Rate Class Inclusion Maintenance Document</label>
			<parent>KcSharedMaintenanceDocument</parent>
			<helpDefinitionURL>default.htm?turl=Documents/rateclassBaseInclusion.htm</helpDefinitionURL>
		</documentType>
	</documentTypes>	
</data>