<?xml version="1.0" encoding="UTF-8"?>
<data xmlns="ns:workflow" xmlns:xsi="http://www.w3.org/2001/XMLSchema-instance" xsi:schemaLocation="ns:workflow resource:WorkflowData">
	<documentTypes xmlns="ns:workflow/DocumentType" xsi:schemaLocation="ns:workflow/DocumentType resource:DocumentType">
		<documentType>
			<name>SubAwardTemplateTypeMaintenanceDocument</name>
			<description>Document used to create or update Subaward Template Type business objects.</description>
			<label>Subaward Template Type Maintenance Document</label>
			<parent>KcSharedMaintenanceDocument</parent>
			<helpDefinitionURL>default.htm?turl=Documents/subawardstatus.htm</helpDefinitionURL>
			</documentType>
	</documentTypes>	
</data>