<?xml version="1.0" encoding="UTF-8"?>
<data xmlns="ns:workflow" xmlns:xsi="http://www.w3.org/2001/XMLSchema-instance" xsi:schemaLocation="ns:workflow resource:WorkflowData">

	<documentTypes xmlns="ns:workflow/DocumentType"
		xsi:schemaLocation="ns:workflow/DocumentType resource:DocumentType">
		<documentType>
			<name>ProtocolOnlineReviewDocument</name>
			<description>Create a KC Protocol Review Document</description>
			<label>KC Protocol Review</label>
			<parent>KC</parent>
			<postProcessorName>org.kuali.rice.krad.workflow.postprocessor.KualiPostProcessor</postProcessorName>
			<superUserWorkgroupName>KC-WKFLW:IRBAdmin</superUserWorkgroupName>
			<blanketApproveWorkgroupName>KC-WKFLW:IRBAdmin</blanketApproveWorkgroupName>
			<defaultExceptionWorkgroupName>KC-WKFLW:IRBAdmin</defaultExceptionWorkgroupName>
			<docHandler>${kuali.docHandler.url.prefix}/protocolOnlineReviewRedirect.do?methodToCall=redirectToProtocolFromReview</docHandler>
			<active>true</active>
			<security>
			 <securityAttribute name="ProtocolOnlineReviewSecurityAttribute"/>
			</security>
			<policies>
				<policy>
					<name>DEFAULT_APPROVE</name>
					<value>false</value>
					<!--
						this should be false in a production scenario
					-->
				</policy>
				<policy>
                    <name>LOOK_FUTURE</name>
                    <value>true</value>
                </policy>
			</policies>
			<routePaths>
				<routePath>
					<start name="Initiated" nextNode="IRBAdminInitialReview" />
					<requests name="IRBAdminInitialReview" nextNode = "OnlineReviewer"/>
                    <requests name="OnlineReviewer" nextNode="IRBAdminReview" />
					<requests name="IRBAdminReview" />
				</routePath>
			</routePaths>
			<routeNodes>
				<start name="Initiated">
					<activationType>S</activationType>
				</start>
				 <!--  This role is for a requested review.  When a PI requests a review via submit protocol action,  it will wait here
				       for IRB Admin approval before being routed to the reviewer. -->
				 <role name="IRBAdminInitialReview">
					<qualifierResolverClass>org.kuali.rice.kew.role.NullQualifierResolver</qualifierResolverClass>
                    <activationType>S</activationType>
                    <finalApproval>false</finalApproval>
                    <mandatoryRoute>false</mandatoryRoute>
	            </role>                
	            <role name="OnlineReviewer">
					<qualifierResolver>ProtocolOnlineReviewReviewer-XPathQualifierResolver</qualifierResolver>
                    <activationType>S</activationType>
                    <finalApproval>false</finalApproval>
                    <mandatoryRoute>false</mandatoryRoute>
	            </role>                
                <role name="IRBAdminReview">
					<qualifierResolverClass>org.kuali.rice.kew.role.NullQualifierResolver</qualifierResolverClass>
                    <activationType>P</activationType>
                    <mandatoryRoute>false</mandatoryRoute>
	            </role>                     
			</routeNodes>
		</documentType>
	</documentTypes>

	<ruleAttributes xmlns="ns:workflow/RuleAttribute"
		xsi:schemaLocation="ns:workflow/RuleAttribute resource:RuleAttribute">

        <ruleAttribute>
            <name>ProtocolOnlineReviewSecurityAttribute</name>
            <className>org.kuali.kra.authorization.ProtocolOnlineReviewSecurityAttribute</className>
            <label>Protocol Online Review Security Attribute</label>
            <description>Protocol Online Review Security Attribute</description>
            <type>DocumentSecurityAttribute</type>
            <applicationId>KC</applicationId>
        </ruleAttribute>

		<ruleAttribute>
			<name>ProtocolOnlineReviewReviewer-XPathQualifierResolver</name>
			<className>org.kuali.rice.kew.role.XPathQualifierResolver</className>
			<label>ProtocolOnlineReviewReviewer-XPathQualifierResolver</label>
			<description>ProtocolOnlineReviewReviewer-XPathQualifierResolver</description>
			<type>QualifierResolver</type>
			<serviceNamespace>KC</serviceNamespace>
			<resolverConfig>
				<attributes name="protocolReviewerId">
					<xPathExpression>//document/protocolOnlineReviewList[1]/org.kuali.kra.irb.onlinereview.ProtocolOnlineReview[1]/protocolReviewerId</xPathExpression>
				</attributes>
				
				<attributes name="protocolOnlineReviewId">
					<xPathExpression>//document/protocolOnlineReviewList[1]/org.kuali.kra.irb.onlinereview.ProtocolOnlineReview[1]/protocolOnlineReviewId</xPathExpression>
				</attributes>
				
				<attributes name="submissionId">
					<xPathExpression>//document/protocolOnlineReviewList[1]/org.kuali.kra.irb.onlinereview.ProtocolOnlineReview[1]/submissionIdFk</xPathExpression>
				</attributes>
				
				<attributes name="protocol">
					<xPathExpression>//document/protocolOnlineReviewList[1]/org.kuali.kra.irb.onlinereview.ProtocolOnlineReview[1]/protocol/protocolNumber</xPathExpression>
				</attributes>

                <attributes name="protocolLeadUnitNumber">
                    <xPathExpression>//document/protocolOnlineReviewList[1]/org.kuali.kra.irb.onlinereview.ProtocolOnlineReview[1]/protocol/leadUnitNumber</xPathExpression>
                </attributes>				
			</resolverConfig>
		</ruleAttribute>


	</ruleAttributes>
    
	<ruleTemplates xmlns="ns:workflow/RuleTemplate" xsi:schemaLocation="ns:workflow/RuleTemplate resource:RuleTemplate">
  		      	
         
	</ruleTemplates>
	
	<rules xmlns="ns:workflow/Rule" xsi:schemaLocation="ns:workflow/Rule resource:Rule">
	</rules>
</data>